Source,Target,Type,Label
afems,amp,Undirected,Fachergänzung: Maschinenbau
afems,asimv,Undirected,Fachergänzung: Maschinenbau
afems,c2ad,Undirected,Fachergänzung: Maschinenbau
afems,cich,Undirected,Fachergänzung: Maschinenbau
afems,dsf,Undirected,Fachergänzung: Maschinenbau
afems,eeww,Undirected,Fachergänzung: Maschinenbau
afems,ekt,Undirected,Fachergänzung: Maschinenbau
afems,enwi,Undirected,Fachergänzung: Maschinenbau
afems,fkte,Undirected,Fachergänzung: Maschinenbau
afems,idacu,Undirected,Fachergänzung: Maschinenbau
afems,labvM,Undirected,Fachergänzung: Maschinenbau
afems,mantL,Undirected,Fachergänzung: Maschinenbau
afems,mata,Undirected,Fachergänzung: Maschinenbau
afems,matl,Undirected,Fachergänzung: Maschinenbau
afems,meas1,Undirected,Fachergänzung: Maschinenbau
afems,mimo,Undirected,Fachergänzung: Maschinenbau
afems,minat,Undirected,Fachergänzung: Maschinenbau
afems,mlam,Undirected,Fachergänzung: Maschinenbau
afems,naku,Undirected,Fachergänzung: Maschinenbau
afems,npe,Undirected,Fachergänzung: Maschinenbau
afems,tamp,Undirected,Fachergänzung: Maschinenbau
afems,veva,Undirected,Fachergänzung: Maschinenbau
afems,vmo,Undirected,Fachergänzung: Maschinenbau
afems,waem,Undirected,Fachergänzung: Maschinenbau
amp,asimv,Undirected,Fachergänzung: Maschinenbau
amp,c2ad,Undirected,Fachergänzung: Maschinenbau
amp,cich,Undirected,Fachergänzung: Maschinenbau
amp,dsf,Undirected,Fachergänzung: Maschinenbau
amp,eeww,Undirected,Fachergänzung: Maschinenbau
amp,ekt,Undirected,Fachergänzung: Maschinenbau
amp,enwi,Undirected,Fachergänzung: Maschinenbau
amp,fkte,Undirected,Fachergänzung: Maschinenbau
amp,idacu,Undirected,Fachergänzung: Maschinenbau
amp,labvM,Undirected,Fachergänzung: Maschinenbau
amp,mantL,Undirected,Fachergänzung: Maschinenbau
amp,mata,Undirected,Fachergänzung: Maschinenbau
amp,matl,Undirected,Fachergänzung: Maschinenbau
amp,meas1,Undirected,Fachergänzung: Maschinenbau
amp,mimo,Undirected,Fachergänzung: Maschinenbau
amp,minat,Undirected,Fachergänzung: Maschinenbau
amp,mlam,Undirected,Fachergänzung: Maschinenbau
amp,naku,Undirected,Fachergänzung: Maschinenbau
amp,npe,Undirected,Fachergänzung: Maschinenbau
amp,tamp,Undirected,Fachergänzung: Maschinenbau
amp,veva,Undirected,Fachergänzung: Maschinenbau
amp,vmo,Undirected,Fachergänzung: Maschinenbau
amp,waem,Undirected,Fachergänzung: Maschinenbau
asimv,c2ad,Undirected,Fachergänzung: Maschinenbau
asimv,cich,Undirected,Fachergänzung: Maschinenbau
asimv,dsf,Undirected,Fachergänzung: Maschinenbau
asimv,eeww,Undirected,Fachergänzung: Maschinenbau
asimv,ekt,Undirected,Fachergänzung: Maschinenbau
asimv,enwi,Undirected,Fachergänzung: Maschinenbau
asimv,fkte,Undirected,Fachergänzung: Maschinenbau
asimv,idacu,Undirected,Fachergänzung: Maschinenbau
asimv,labvM,Undirected,Fachergänzung: Maschinenbau
asimv,mantL,Undirected,Fachergänzung: Maschinenbau
asimv,mata,Undirected,Fachergänzung: Maschinenbau
asimv,matl,Undirected,Fachergänzung: Maschinenbau
asimv,meas1,Undirected,Fachergänzung: Maschinenbau
asimv,mimo,Undirected,Fachergänzung: Maschinenbau
asimv,minat,Undirected,Fachergänzung: Maschinenbau
asimv,mlam,Undirected,Fachergänzung: Maschinenbau
asimv,naku,Undirected,Fachergänzung: Maschinenbau
asimv,npe,Undirected,Fachergänzung: Maschinenbau
asimv,tamp,Undirected,Fachergänzung: Maschinenbau
asimv,veva,Undirected,Fachergänzung: Maschinenbau
asimv,vmo,Undirected,Fachergänzung: Maschinenbau
asimv,waem,Undirected,Fachergänzung: Maschinenbau
c2ad,cich,Undirected,Fachergänzung: Maschinenbau
c2ad,dsf,Undirected,Fachergänzung: Maschinenbau
c2ad,eeww,Undirected,Fachergänzung: Maschinenbau
c2ad,ekt,Undirected,Fachergänzung: Maschinenbau
c2ad,enwi,Undirected,Fachergänzung: Maschinenbau
c2ad,fkte,Undirected,Fachergänzung: Maschinenbau
c2ad,idacu,Undirected,Fachergänzung: Maschinenbau
c2ad,labvM,Undirected,Fachergänzung: Maschinenbau
c2ad,mantL,Undirected,Fachergänzung: Maschinenbau
c2ad,mata,Undirected,Fachergänzung: Maschinenbau
c2ad,matl,Undirected,Fachergänzung: Maschinenbau
c2ad,meas1,Undirected,Fachergänzung: Maschinenbau
c2ad,mimo,Undirected,Fachergänzung: Maschinenbau
c2ad,minat,Undirected,Fachergänzung: Maschinenbau
c2ad,mlam,Undirected,Fachergänzung: Maschinenbau
c2ad,naku,Undirected,Fachergänzung: Maschinenbau
c2ad,npe,Undirected,Fachergänzung: Maschinenbau
c2ad,tamp,Undirected,Fachergänzung: Maschinenbau
c2ad,veva,Undirected,Fachergänzung: Maschinenbau
c2ad,vmo,Undirected,Fachergänzung: Maschinenbau
c2ad,waem,Undirected,Fachergänzung: Maschinenbau
cich,dsf,Undirected,Fachergänzung: Maschinenbau
cich,eeww,Undirected,Fachergänzung: Maschinenbau
cich,ekt,Undirected,Fachergänzung: Maschinenbau
cich,enwi,Undirected,Fachergänzung: Maschinenbau
cich,fkte,Undirected,Fachergänzung: Maschinenbau
cich,idacu,Undirected,Fachergänzung: Maschinenbau
cich,labvM,Undirected,Fachergänzung: Maschinenbau
cich,mantL,Undirected,Fachergänzung: Maschinenbau
cich,mata,Undirected,Fachergänzung: Maschinenbau
cich,matl,Undirected,Fachergänzung: Maschinenbau
cich,meas1,Undirected,Fachergänzung: Maschinenbau
cich,mimo,Undirected,Fachergänzung: Maschinenbau
cich,minat,Undirected,Fachergänzung: Maschinenbau
cich,mlam,Undirected,Fachergänzung: Maschinenbau
cich,naku,Undirected,Fachergänzung: Maschinenbau
cich,npe,Undirected,Fachergänzung: Maschinenbau
cich,tamp,Undirected,Fachergänzung: Maschinenbau
cich,veva,Undirected,Fachergänzung: Maschinenbau
cich,vmo,Undirected,Fachergänzung: Maschinenbau
cich,waem,Undirected,Fachergänzung: Maschinenbau
dsf,eeww,Undirected,Fachergänzung: Maschinenbau
dsf,ekt,Undirected,Fachergänzung: Maschinenbau
dsf,enwi,Undirected,Fachergänzung: Maschinenbau
dsf,fkte,Undirected,Fachergänzung: Maschinenbau
dsf,idacu,Undirected,Fachergänzung: Maschinenbau
dsf,labvM,Undirected,Fachergänzung: Maschinenbau
dsf,mantL,Undirected,Fachergänzung: Maschinenbau
dsf,mata,Undirected,Fachergänzung: Maschinenbau
dsf,matl,Undirected,Fachergänzung: Maschinenbau
dsf,meas1,Undirected,Fachergänzung: Maschinenbau
dsf,mimo,Undirected,Fachergänzung: Maschinenbau
dsf,minat,Undirected,Fachergänzung: Maschinenbau
dsf,mlam,Undirected,Fachergänzung: Maschinenbau
dsf,naku,Undirected,Fachergänzung: Maschinenbau
dsf,npe,Undirected,Fachergänzung: Maschinenbau
dsf,tamp,Undirected,Fachergänzung: Maschinenbau
dsf,veva,Undirected,Fachergänzung: Maschinenbau
dsf,vmo,Undirected,Fachergänzung: Maschinenbau
dsf,waem,Undirected,Fachergänzung: Maschinenbau
eeww,ekt,Undirected,Fachergänzung: Maschinenbau
eeww,enwi,Undirected,Fachergänzung: Maschinenbau
eeww,fkte,Undirected,Fachergänzung: Maschinenbau
eeww,idacu,Undirected,Fachergänzung: Maschinenbau
eeww,labvM,Undirected,Fachergänzung: Maschinenbau
eeww,mantL,Undirected,Fachergänzung: Maschinenbau
eeww,mata,Undirected,Fachergänzung: Maschinenbau
eeww,matl,Undirected,Fachergänzung: Maschinenbau
eeww,meas1,Undirected,Fachergänzung: Maschinenbau
eeww,mimo,Undirected,Fachergänzung: Maschinenbau
eeww,minat,Undirected,Fachergänzung: Maschinenbau
eeww,mlam,Undirected,Fachergänzung: Maschinenbau
eeww,naku,Undirected,Fachergänzung: Maschinenbau
eeww,npe,Undirected,Fachergänzung: Maschinenbau
eeww,tamp,Undirected,Fachergänzung: Maschinenbau
eeww,veva,Undirected,Fachergänzung: Maschinenbau
eeww,vmo,Undirected,Fachergänzung: Maschinenbau
eeww,waem,Undirected,Fachergänzung: Maschinenbau
ekt,enwi,Undirected,Fachergänzung: Maschinenbau
ekt,fkte,Undirected,Fachergänzung: Maschinenbau
ekt,idacu,Undirected,Fachergänzung: Maschinenbau
ekt,labvM,Undirected,Fachergänzung: Maschinenbau
ekt,mantL,Undirected,Fachergänzung: Maschinenbau
ekt,mata,Undirected,Fachergänzung: Maschinenbau
ekt,matl,Undirected,Fachergänzung: Maschinenbau
ekt,meas1,Undirected,Fachergänzung: Maschinenbau
ekt,mimo,Undirected,Fachergänzung: Maschinenbau
ekt,minat,Undirected,Fachergänzung: Maschinenbau
ekt,mlam,Undirected,Fachergänzung: Maschinenbau
ekt,naku,Undirected,Fachergänzung: Maschinenbau
ekt,npe,Undirected,Fachergänzung: Maschinenbau
ekt,tamp,Undirected,Fachergänzung: Maschinenbau
ekt,veva,Undirected,Fachergänzung: Maschinenbau
ekt,vmo,Undirected,Fachergänzung: Maschinenbau
ekt,waem,Undirected,Fachergänzung: Maschinenbau
enwi,fkte,Undirected,Fachergänzung: Maschinenbau
enwi,idacu,Undirected,Fachergänzung: Maschinenbau
enwi,labvM,Undirected,Fachergänzung: Maschinenbau
enwi,mantL,Undirected,Fachergänzung: Maschinenbau
enwi,mata,Undirected,Fachergänzung: Maschinenbau
enwi,matl,Undirected,Fachergänzung: Maschinenbau
enwi,meas1,Undirected,Fachergänzung: Maschinenbau
enwi,mimo,Undirected,Fachergänzung: Maschinenbau
enwi,minat,Undirected,Fachergänzung: Maschinenbau
enwi,mlam,Undirected,Fachergänzung: Maschinenbau
enwi,naku,Undirected,Fachergänzung: Maschinenbau
enwi,npe,Undirected,Fachergänzung: Maschinenbau
enwi,tamp,Undirected,Fachergänzung: Maschinenbau
enwi,veva,Undirected,Fachergänzung: Maschinenbau
enwi,vmo,Undirected,Fachergänzung: Maschinenbau
enwi,waem,Undirected,Fachergänzung: Maschinenbau
fkte,idacu,Undirected,Fachergänzung: Maschinenbau
fkte,labvM,Undirected,Fachergänzung: Maschinenbau
fkte,mantL,Undirected,Fachergänzung: Maschinenbau
fkte,mata,Undirected,Fachergänzung: Maschinenbau
fkte,matl,Undirected,Fachergänzung: Maschinenbau
fkte,meas1,Undirected,Fachergänzung: Maschinenbau
fkte,mimo,Undirected,Fachergänzung: Maschinenbau
fkte,minat,Undirected,Fachergänzung: Maschinenbau
fkte,mlam,Undirected,Fachergänzung: Maschinenbau
fkte,naku,Undirected,Fachergänzung: Maschinenbau
fkte,npe,Undirected,Fachergänzung: Maschinenbau
fkte,tamp,Undirected,Fachergänzung: Maschinenbau
fkte,veva,Undirected,Fachergänzung: Maschinenbau
fkte,vmo,Undirected,Fachergänzung: Maschinenbau
fkte,waem,Undirected,Fachergänzung: Maschinenbau
idacu,labvM,Undirected,Fachergänzung: Maschinenbau
idacu,mantL,Undirected,Fachergänzung: Maschinenbau
idacu,mata,Undirected,Fachergänzung: Maschinenbau
idacu,matl,Undirected,Fachergänzung: Maschinenbau
idacu,meas1,Undirected,Fachergänzung: Maschinenbau
idacu,mimo,Undirected,Fachergänzung: Maschinenbau
idacu,minat,Undirected,Fachergänzung: Maschinenbau
idacu,mlam,Undirected,Fachergänzung: Maschinenbau
idacu,naku,Undirected,Fachergänzung: Maschinenbau
idacu,npe,Undirected,Fachergänzung: Maschinenbau
idacu,tamp,Undirected,Fachergänzung: Maschinenbau
idacu,veva,Undirected,Fachergänzung: Maschinenbau
idacu,vmo,Undirected,Fachergänzung: Maschinenbau
idacu,waem,Undirected,Fachergänzung: Maschinenbau
labvM,mantL,Undirected,Fachergänzung: Maschinenbau
labvM,mata,Undirected,Fachergänzung: Maschinenbau
labvM,matl,Undirected,Fachergänzung: Maschinenbau
labvM,meas1,Undirected,Fachergänzung: Maschinenbau
labvM,mimo,Undirected,Fachergänzung: Maschinenbau
labvM,minat,Undirected,Fachergänzung: Maschinenbau
labvM,mlam,Undirected,Fachergänzung: Maschinenbau
labvM,naku,Undirected,Fachergänzung: Maschinenbau
labvM,npe,Undirected,Fachergänzung: Maschinenbau
labvM,tamp,Undirected,Fachergänzung: Maschinenbau
labvM,veva,Undirected,Fachergänzung: Maschinenbau
labvM,vmo,Undirected,Fachergänzung: Maschinenbau
labvM,waem,Undirected,Fachergänzung: Maschinenbau
mantL,mata,Undirected,Fachergänzung: Maschinenbau
mantL,matl,Undirected,Fachergänzung: Maschinenbau
mantL,meas1,Undirected,Fachergänzung: Maschinenbau
mantL,mimo,Undirected,Fachergänzung: Maschinenbau
mantL,minat,Undirected,Fachergänzung: Maschinenbau
mantL,mlam,Undirected,Fachergänzung: Maschinenbau
mantL,naku,Undirected,Fachergänzung: Maschinenbau
mantL,npe,Undirected,Fachergänzung: Maschinenbau
mantL,tamp,Undirected,Fachergänzung: Maschinenbau
mantL,veva,Undirected,Fachergänzung: Maschinenbau
mantL,vmo,Undirected,Fachergänzung: Maschinenbau
mantL,waem,Undirected,Fachergänzung: Maschinenbau
mata,matl,Undirected,Fachergänzung: Maschinenbau
mata,meas1,Undirected,Fachergänzung: Maschinenbau
mata,mimo,Undirected,Fachergänzung: Maschinenbau
mata,minat,Undirected,Fachergänzung: Maschinenbau
mata,mlam,Undirected,Fachergänzung: Maschinenbau
mata,naku,Undirected,Fachergänzung: Maschinenbau
mata,npe,Undirected,Fachergänzung: Maschinenbau
mata,tamp,Undirected,Fachergänzung: Maschinenbau
mata,veva,Undirected,Fachergänzung: Maschinenbau
mata,vmo,Undirected,Fachergänzung: Maschinenbau
mata,waem,Undirected,Fachergänzung: Maschinenbau
matl,meas1,Undirected,Fachergänzung: Maschinenbau
matl,mimo,Undirected,Fachergänzung: Maschinenbau
matl,minat,Undirected,Fachergänzung: Maschinenbau
matl,mlam,Undirected,Fachergänzung: Maschinenbau
matl,naku,Undirected,Fachergänzung: Maschinenbau
matl,npe,Undirected,Fachergänzung: Maschinenbau
matl,tamp,Undirected,Fachergänzung: Maschinenbau
matl,veva,Undirected,Fachergänzung: Maschinenbau
matl,vmo,Undirected,Fachergänzung: Maschinenbau
matl,waem,Undirected,Fachergänzung: Maschinenbau
meas1,mimo,Undirected,Fachergänzung: Maschinenbau
meas1,minat,Undirected,Fachergänzung: Maschinenbau
meas1,mlam,Undirected,Fachergänzung: Maschinenbau
meas1,naku,Undirected,Fachergänzung: Maschinenbau
meas1,npe,Undirected,Fachergänzung: Maschinenbau
meas1,tamp,Undirected,Fachergänzung: Maschinenbau
meas1,veva,Undirected,Fachergänzung: Maschinenbau
meas1,vmo,Undirected,Fachergänzung: Maschinenbau
meas1,waem,Undirected,Fachergänzung: Maschinenbau
mimo,minat,Undirected,Fachergänzung: Maschinenbau
mimo,mlam,Undirected,Fachergänzung: Maschinenbau
mimo,naku,Undirected,Fachergänzung: Maschinenbau
mimo,npe,Undirected,Fachergänzung: Maschinenbau
mimo,tamp,Undirected,Fachergänzung: Maschinenbau
mimo,veva,Undirected,Fachergänzung: Maschinenbau
mimo,vmo,Undirected,Fachergänzung: Maschinenbau
mimo,waem,Undirected,Fachergänzung: Maschinenbau
minat,mlam,Undirected,Fachergänzung: Maschinenbau
minat,naku,Undirected,Fachergänzung: Maschinenbau
minat,npe,Undirected,Fachergänzung: Maschinenbau
minat,tamp,Undirected,Fachergänzung: Maschinenbau
minat,veva,Undirected,Fachergänzung: Maschinenbau
minat,vmo,Undirected,Fachergänzung: Maschinenbau
minat,waem,Undirected,Fachergänzung: Maschinenbau
mlam,naku,Undirected,Fachergänzung: Maschinenbau
mlam,npe,Undirected,Fachergänzung: Maschinenbau
mlam,tamp,Undirected,Fachergänzung: Maschinenbau
mlam,veva,Undirected,Fachergänzung: Maschinenbau
mlam,vmo,Undirected,Fachergänzung: Maschinenbau
mlam,waem,Undirected,Fachergänzung: Maschinenbau
naku,npe,Undirected,Fachergänzung: Maschinenbau
naku,tamp,Undirected,Fachergänzung: Maschinenbau
naku,veva,Undirected,Fachergänzung: Maschinenbau
naku,vmo,Undirected,Fachergänzung: Maschinenbau
naku,waem,Undirected,Fachergänzung: Maschinenbau
npe,tamp,Undirected,Fachergänzung: Maschinenbau
npe,veva,Undirected,Fachergänzung: Maschinenbau
npe,vmo,Undirected,Fachergänzung: Maschinenbau
npe,waem,Undirected,Fachergänzung: Maschinenbau
tamp,veva,Undirected,Fachergänzung: Maschinenbau
tamp,vmo,Undirected,Fachergänzung: Maschinenbau
tamp,waem,Undirected,Fachergänzung: Maschinenbau
veva,vmo,Undirected,Fachergänzung: Maschinenbau
veva,waem,Undirected,Fachergänzung: Maschinenbau
vmo,waem,Undirected,Fachergänzung: Maschinenbau
aem,am,Undirected,Fachvertiefung: Maschinenbau
aem,amat,Undirected,Fachvertiefung: Maschinenbau
aem,apd,Undirected,Fachvertiefung: Maschinenbau
aem,c1d,Undirected,Fachvertiefung: Maschinenbau
aem,c1m,Undirected,Fachvertiefung: Maschinenbau
aem,dpev1,Undirected,Fachvertiefung: Maschinenbau
aem,dpev2,Undirected,Fachvertiefung: Maschinenbau
aem,flm3,Undirected,Fachvertiefung: Maschinenbau
aem,flm4,Undirected,Fachvertiefung: Maschinenbau
aem,kt1,Undirected,Fachvertiefung: Maschinenbau
aem,kt2,Undirected,Fachvertiefung: Maschinenbau
aem,mant1,Undirected,Fachvertiefung: Maschinenbau
aem,mant2,Undirected,Fachvertiefung: Maschinenbau
aem,mea,Undirected,Fachvertiefung: Maschinenbau
aem,thd3,Undirected,Fachvertiefung: Maschinenbau
aem,thd4,Undirected,Fachvertiefung: Maschinenbau
aem,wueb,Undirected,Fachvertiefung: Maschinenbau
am,amat,Undirected,Fachvertiefung: Maschinenbau
am,apd,Undirected,Fachvertiefung: Maschinenbau
am,c1d,Undirected,Fachvertiefung: Maschinenbau
am,c1m,Undirected,Fachvertiefung: Maschinenbau
am,dpev1,Undirected,Fachvertiefung: Maschinenbau
am,dpev2,Undirected,Fachvertiefung: Maschinenbau
am,flm3,Undirected,Fachvertiefung: Maschinenbau
am,flm4,Undirected,Fachvertiefung: Maschinenbau
am,kt1,Undirected,Fachvertiefung: Maschinenbau
am,kt2,Undirected,Fachvertiefung: Maschinenbau
am,mant1,Undirected,Fachvertiefung: Maschinenbau
am,mant2,Undirected,Fachvertiefung: Maschinenbau
am,mea,Undirected,Fachvertiefung: Maschinenbau
am,thd3,Undirected,Fachvertiefung: Maschinenbau
am,thd4,Undirected,Fachvertiefung: Maschinenbau
am,wueb,Undirected,Fachvertiefung: Maschinenbau
amat,apd,Undirected,Fachvertiefung: Maschinenbau
amat,c1d,Undirected,Fachvertiefung: Maschinenbau
amat,c1m,Undirected,Fachvertiefung: Maschinenbau
amat,dpev1,Undirected,Fachvertiefung: Maschinenbau
amat,dpev2,Undirected,Fachvertiefung: Maschinenbau
amat,flm3,Undirected,Fachvertiefung: Maschinenbau
amat,flm4,Undirected,Fachvertiefung: Maschinenbau
amat,kt1,Undirected,Fachvertiefung: Maschinenbau
amat,kt2,Undirected,Fachvertiefung: Maschinenbau
amat,mant1,Undirected,Fachvertiefung: Maschinenbau
amat,mant2,Undirected,Fachvertiefung: Maschinenbau
amat,mea,Undirected,Fachvertiefung: Maschinenbau
amat,thd3,Undirected,Fachvertiefung: Maschinenbau
amat,thd4,Undirected,Fachvertiefung: Maschinenbau
amat,wueb,Undirected,Fachvertiefung: Maschinenbau
apd,c1d,Undirected,Fachvertiefung: Maschinenbau
apd,c1m,Undirected,Fachvertiefung: Maschinenbau
apd,dpev1,Undirected,Fachvertiefung: Maschinenbau
apd,dpev2,Undirected,Fachvertiefung: Maschinenbau
apd,flm3,Undirected,Fachvertiefung: Maschinenbau
apd,flm4,Undirected,Fachvertiefung: Maschinenbau
apd,kt1,Undirected,Fachvertiefung: Maschinenbau
apd,kt2,Undirected,Fachvertiefung: Maschinenbau
apd,mant1,Undirected,Fachvertiefung: Maschinenbau
apd,mant2,Undirected,Fachvertiefung: Maschinenbau
apd,mea,Undirected,Fachvertiefung: Maschinenbau
apd,thd3,Undirected,Fachvertiefung: Maschinenbau
apd,thd4,Undirected,Fachvertiefung: Maschinenbau
apd,wueb,Undirected,Fachvertiefung: Maschinenbau
c1d,c1m,Undirected,Fachvertiefung: Maschinenbau
c1d,dpev1,Undirected,Fachvertiefung: Maschinenbau
c1d,dpev2,Undirected,Fachvertiefung: Maschinenbau
c1d,flm3,Undirected,Fachvertiefung: Maschinenbau
c1d,flm4,Undirected,Fachvertiefung: Maschinenbau
c1d,kt1,Undirected,Fachvertiefung: Maschinenbau
c1d,kt2,Undirected,Fachvertiefung: Maschinenbau
c1d,mant1,Undirected,Fachvertiefung: Maschinenbau
c1d,mant2,Undirected,Fachvertiefung: Maschinenbau
c1d,mea,Undirected,Fachvertiefung: Maschinenbau
c1d,thd3,Undirected,Fachvertiefung: Maschinenbau
c1d,thd4,Undirected,Fachvertiefung: Maschinenbau
c1d,wueb,Undirected,Fachvertiefung: Maschinenbau
c1m,dpev1,Undirected,Fachvertiefung: Maschinenbau
c1m,dpev2,Undirected,Fachvertiefung: Maschinenbau
c1m,flm3,Undirected,Fachvertiefung: Maschinenbau
c1m,flm4,Undirected,Fachvertiefung: Maschinenbau
c1m,kt1,Undirected,Fachvertiefung: Maschinenbau
c1m,kt2,Undirected,Fachvertiefung: Maschinenbau
c1m,mant1,Undirected,Fachvertiefung: Maschinenbau
c1m,mant2,Undirected,Fachvertiefung: Maschinenbau
c1m,mea,Undirected,Fachvertiefung: Maschinenbau
c1m,thd3,Undirected,Fachvertiefung: Maschinenbau
c1m,thd4,Undirected,Fachvertiefung: Maschinenbau
c1m,wueb,Undirected,Fachvertiefung: Maschinenbau
dpev1,dpev2,Undirected,Fachvertiefung: Maschinenbau
dpev1,flm3,Undirected,Fachvertiefung: Maschinenbau
dpev1,flm4,Undirected,Fachvertiefung: Maschinenbau
dpev1,kt1,Undirected,Fachvertiefung: Maschinenbau
dpev1,kt2,Undirected,Fachvertiefung: Maschinenbau
dpev1,mant1,Undirected,Fachvertiefung: Maschinenbau
dpev1,mant2,Undirected,Fachvertiefung: Maschinenbau
dpev1,mea,Undirected,Fachvertiefung: Maschinenbau
dpev1,thd3,Undirected,Fachvertiefung: Maschinenbau
dpev1,thd4,Undirected,Fachvertiefung: Maschinenbau
dpev1,wueb,Undirected,Fachvertiefung: Maschinenbau
dpev2,flm3,Undirected,Fachvertiefung: Maschinenbau
dpev2,flm4,Undirected,Fachvertiefung: Maschinenbau
dpev2,kt1,Undirected,Fachvertiefung: Maschinenbau
dpev2,kt2,Undirected,Fachvertiefung: Maschinenbau
dpev2,mant1,Undirected,Fachvertiefung: Maschinenbau
dpev2,mant2,Undirected,Fachvertiefung: Maschinenbau
dpev2,mea,Undirected,Fachvertiefung: Maschinenbau
dpev2,thd3,Undirected,Fachvertiefung: Maschinenbau
dpev2,thd4,Undirected,Fachvertiefung: Maschinenbau
dpev2,wueb,Undirected,Fachvertiefung: Maschinenbau
flm3,flm4,Undirected,Fachvertiefung: Maschinenbau
flm3,kt1,Undirected,Fachvertiefung: Maschinenbau
flm3,kt2,Undirected,Fachvertiefung: Maschinenbau
flm3,mant1,Undirected,Fachvertiefung: Maschinenbau
flm3,mant2,Undirected,Fachvertiefung: Maschinenbau
flm3,mea,Undirected,Fachvertiefung: Maschinenbau
flm3,thd3,Undirected,Fachvertiefung: Maschinenbau
flm3,thd4,Undirected,Fachvertiefung: Maschinenbau
flm3,wueb,Undirected,Fachvertiefung: Maschinenbau
flm4,kt1,Undirected,Fachvertiefung: Maschinenbau
flm4,kt2,Undirected,Fachvertiefung: Maschinenbau
flm4,mant1,Undirected,Fachvertiefung: Maschinenbau
flm4,mant2,Undirected,Fachvertiefung: Maschinenbau
flm4,mea,Undirected,Fachvertiefung: Maschinenbau
flm4,thd3,Undirected,Fachvertiefung: Maschinenbau
flm4,thd4,Undirected,Fachvertiefung: Maschinenbau
flm4,wueb,Undirected,Fachvertiefung: Maschinenbau
kt1,kt2,Undirected,Fachvertiefung: Maschinenbau
kt1,mant1,Undirected,Fachvertiefung: Maschinenbau
kt1,mant2,Undirected,Fachvertiefung: Maschinenbau
kt1,mea,Undirected,Fachvertiefung: Maschinenbau
kt1,thd3,Undirected,Fachvertiefung: Maschinenbau
kt1,thd4,Undirected,Fachvertiefung: Maschinenbau
kt1,wueb,Undirected,Fachvertiefung: Maschinenbau
kt2,mant1,Undirected,Fachvertiefung: Maschinenbau
kt2,mant2,Undirected,Fachvertiefung: Maschinenbau
kt2,mea,Undirected,Fachvertiefung: Maschinenbau
kt2,thd3,Undirected,Fachvertiefung: Maschinenbau
kt2,thd4,Undirected,Fachvertiefung: Maschinenbau
kt2,wueb,Undirected,Fachvertiefung: Maschinenbau
mant1,mant2,Undirected,Fachvertiefung: Maschinenbau
mant1,mea,Undirected,Fachvertiefung: Maschinenbau
mant1,thd3,Undirected,Fachvertiefung: Maschinenbau
mant1,thd4,Undirected,Fachvertiefung: Maschinenbau
mant1,wueb,Undirected,Fachvertiefung: Maschinenbau
mant2,mea,Undirected,Fachvertiefung: Maschinenbau
mant2,thd3,Undirected,Fachvertiefung: Maschinenbau
mant2,thd4,Undirected,Fachvertiefung: Maschinenbau
mant2,wueb,Undirected,Fachvertiefung: Maschinenbau
mea,thd3,Undirected,Fachvertiefung: Maschinenbau
mea,thd4,Undirected,Fachvertiefung: Maschinenbau
mea,wueb,Undirected,Fachvertiefung: Maschinenbau
thd3,thd4,Undirected,Fachvertiefung: Maschinenbau
thd3,wueb,Undirected,Fachvertiefung: Maschinenbau
thd4,wueb,Undirected,Fachvertiefung: Maschinenbau
ch1,elmag,Undirected,"Grundlagen:
Naturwissenschaften"
ch1,mechM,Undirected,"Grundlagen:
Naturwissenschaften"
ch1,sww,Undirected,"Grundlagen:
Naturwissenschaften"
ch1,wus,Undirected,"Grundlagen:
Naturwissenschaften"
elmag,mechM,Undirected,"Grundlagen:
Naturwissenschaften"
elmag,sww,Undirected,"Grundlagen:
Naturwissenschaften"
elmag,wus,Undirected,"Grundlagen:
Naturwissenschaften"
mechM,sww,Undirected,"Grundlagen:
Naturwissenschaften"
mechM,wus,Undirected,"Grundlagen:
Naturwissenschaften"
sww,wus,Undirected,"Grundlagen:
Naturwissenschaften"
atL,eltM,Undirected,"Grundlagen: Elektrische
Energietechnik"
atL,rtL,Undirected,"Grundlagen: Elektrische
Energietechnik"
eltM,rtL,Undirected,"Grundlagen: Elektrische
Energietechnik"
cfds,chkL,Undirected,Grundlagen: Labor
cfds,fems,Undirected,Grundlagen: Labor
cfds,mst,Undirected,Grundlagen: Labor
cfds,phwkL,Undirected,Grundlagen: Labor
cfds,wkwkL,Undirected,Grundlagen: Labor
chkL,fems,Undirected,Grundlagen: Labor
chkL,mst,Undirected,Grundlagen: Labor
chkL,phwkL,Undirected,Grundlagen: Labor
chkL,wkwkL,Undirected,Grundlagen: Labor
fems,mst,Undirected,Grundlagen: Labor
fems,phwkL,Undirected,Grundlagen: Labor
fems,wkwkL,Undirected,Grundlagen: Labor
mst,phwkL,Undirected,Grundlagen: Labor
mst,wkwkL,Undirected,Grundlagen: Labor
phwkL,wkwkL,Undirected,Grundlagen: Labor
dan,infM,Undirected,Grundlagen: Mathematik 1
dan,lalg1,Undirected,Grundlagen: Mathematik 1
dan,lalg2,Undirected,Grundlagen: Mathematik 1
dan,wst,Undirected,Grundlagen: Mathematik 1
infM,lalg1,Undirected,Grundlagen: Mathematik 1
infM,lalg2,Undirected,Grundlagen: Mathematik 1
infM,wst,Undirected,Grundlagen: Mathematik 1
lalg1,lalg2,Undirected,Grundlagen: Mathematik 1
lalg1,wst,Undirected,Grundlagen: Mathematik 1
lalg2,wst,Undirected,Grundlagen: Mathematik 1
an1,an2,Undirected,Grundlagen: Mathematik 2
an1,dglM,Undirected,Grundlagen: Mathematik 2
an1,man,Undirected,Grundlagen: Mathematik 2
an1,num,Undirected,Grundlagen: Mathematik 2
an2,dglM,Undirected,Grundlagen: Mathematik 2
an2,man,Undirected,Grundlagen: Mathematik 2
an2,num,Undirected,Grundlagen: Mathematik 2
dglM,man,Undirected,Grundlagen: Mathematik 2
dglM,num,Undirected,Grundlagen: Mathematik 2
man,num,Undirected,Grundlagen: Mathematik 2
dms,elstk,Undirected,Grundlagen: Technische Mechanik
dms,kmk,Undirected,Grundlagen: Technische Mechanik
dms,md,Undirected,Grundlagen: Technische Mechanik
dms,stk,Undirected,Grundlagen: Technische Mechanik
elstk,kmk,Undirected,Grundlagen: Technische Mechanik
elstk,md,Undirected,Grundlagen: Technische Mechanik
elstk,stk,Undirected,Grundlagen: Technische Mechanik
kmk,md,Undirected,Grundlagen: Technische Mechanik
kmk,stk,Undirected,Grundlagen: Technische Mechanik
md,stk,Undirected,Grundlagen: Technische Mechanik
egts,flmM,Undirected,"Grundlagen: Thermo-/Fluid-
Energietechnik"
egts,thdM,Undirected,"Grundlagen: Thermo-/Fluid-
Energietechnik"
flmM,thdM,Undirected,"Grundlagen: Thermo-/Fluid-
Energietechnik"
hkon,mel,Undirected,"Grundlagen: Werkstoffe,
Fertigung, Konstruktion"
hkon,werk1,Undirected,"Grundlagen: Werkstoffe,
Fertigung, Konstruktion"
hkon,werk2,Undirected,"Grundlagen: Werkstoffe,
Fertigung, Konstruktion"
hkon,werk3,Undirected,"Grundlagen: Werkstoffe,
Fertigung, Konstruktion"
mel,werk1,Undirected,"Grundlagen: Werkstoffe,
Fertigung, Konstruktion"
mel,werk2,Undirected,"Grundlagen: Werkstoffe,
Fertigung, Konstruktion"
mel,werk3,Undirected,"Grundlagen: Werkstoffe,
Fertigung, Konstruktion"
werk1,werk2,Undirected,"Grundlagen: Werkstoffe,
Fertigung, Konstruktion"
werk1,werk3,Undirected,"Grundlagen: Werkstoffe,
Fertigung, Konstruktion"
werk2,werk3,Undirected,"Grundlagen: Werkstoffe,
Fertigung, Konstruktion"
pro1M,pro2M,Undirected,Projekte: Maschinenbau
pro1M,pro3M,Undirected,Projekte: Maschinenbau
pro1M,pro4M,Undirected,Projekte: Maschinenbau
pro1M,pro5M,Undirected,Projekte: Maschinenbau
pro1M,pro6M,Undirected,Projekte: Maschinenbau
pro2M,pro3M,Undirected,Projekte: Maschinenbau
pro2M,pro4M,Undirected,Projekte: Maschinenbau
pro2M,pro5M,Undirected,Projekte: Maschinenbau
pro2M,pro6M,Undirected,Projekte: Maschinenbau
pro3M,pro4M,Undirected,Projekte: Maschinenbau
pro3M,pro5M,Undirected,Projekte: Maschinenbau
pro3M,pro6M,Undirected,Projekte: Maschinenbau
pro4M,pro5M,Undirected,Projekte: Maschinenbau
pro4M,pro6M,Undirected,Projekte: Maschinenbau
pro5M,pro6M,Undirected,Projekte: Maschinenbau
